{
    "SK50 7010": {
        "specs": {
            "d1": 3.937007874015748,
            "l1": 0.6299212598425197,
            "d2": 2.7559055118110236,
            "l2": 3.8582677165354333,
            "d3": 0.8661417322834646
        },
        "edgrind-type": "CHUCK",
        "chuck-type": "SK",
        "name": "SK50 7010"
    },
    "SK50 7030": {
        "specs": {
            "d1": 3.937007874015748,
            "l1": 0.6299212598425197,
            "d2": 2.7559055118110236,
            "l2": 2.677165354330709,
            "d3": 1.3385826771653544
        },
        "edgrind-type": "CHUCK",
        "chuck-type": "SK",
        "name": "SK50 7030"
    },
    "SK50 7040": {
        "specs": {
            "d1": 3.937007874015748,
            "l1": 0.6299212598425197,
            "d2": 2.7559055118110236,
            "l2": 3.8582677165354333,
            "d3": 1.3385826771653544
        },
        "edgrind-type": "CHUCK",
        "chuck-type": "SK",
        "name": "SK50 7040"
    },
    "SK50 7050": {
        "specs": {
            "d1": 3.937007874015748,
            "l1": 0.6299212598425197,
            "d2": 2.7559055118110236,
            "l2": 2.362204724409449,
            "d3": 2.047244094488189
        },
        "edgrind-type": "CHUCK",
        "chuck-type": "SK",
        "name": "SK50 7050"
    },
    "SK50 7060": {
        "specs": {
            "d1": 3.937007874015748,
            "l1": 0.6299212598425197,
            "d2": 2.7559055118110236,
            "l2": 3.5433070866141736,
            "d3": 2.047244094488189
        },
        "edgrind-type": "CHUCK",
        "chuck-type": "SK",
        "name": "SK50 7060"
    },
    "HPS20L": {
        "specs": {
            "l1": 0.85,
            "l2": 1.1,
            "l3": 1.475,
            "l4": 3.3,
            "l5": 3.575,
            "l6": 3.93,
            "l7": 4.7895,
            "d1": 5.296,
            "d2": 4.915,
            "d3": 4.035,
            "d4": 2.4,
            "d5": 2.125,
            "d6": 1.965,
            "d7": 1.14
        },
        "edgrind-type": "CHUCK",
        "chuck-type": "HP",
        "name": "HPS20L"
    }
}