{
    "60mm": {
        "specs": {
            "d4": 1.25,
            "l1": 1.544,
            "l2": 1.777,
            "l3": 2.1653543307086616,
            "l4": 2.362204724409449,
            "d1": 1.968503937007874,
            "d2": 3.0314960629921264,
            "d3": 2.362204724409449
        },
        "edgrind-type": "WHEEL_ADAPTER",
        "name": "60mm"
    },
    "40mm": {
        "specs": {
            "d4": 1.25,
            "l1": 1.544,
            "l2": 1.777,
            "l3": 2.1653543307086616,
            "l4": 1.5748031496062993,
            "d1": 1.968503937007874,
            "d2": 3.0314960629921264,
            "d3": 2.362204724409449
        },
        "edgrind-type": "WHEEL_ADAPTER",
        "name": "40mm"
    },
    "85mm": {
        "specs": {
            "d4": 1.25,
            "l1": 1.544,
            "l2": 1.777,
            "l3": 2.1653543307086616,
            "l4": 3.346456692913386,
            "d1": 1.968503937007874,
            "d2": 3.0314960629921264,
            "d3": 2.362204724409449
        },
        "edgrind-type": "WHEEL_ADAPTER",
        "name": "85mm"
    },
    "100mm": {
        "specs": {
            "d4": 1.25,
            "l1": 1.544,
            "l2": 1.777,
            "l3": 2.1653543307086616,
            "l4": 3.937007874015748,
            "d1": 1.968503937007874,
            "d2": 3.0314960629921264,
            "d3": 2.362204724409449
        },
        "edgrind-type": "WHEEL_ADAPTER",
        "name": "100mm"
    }
}